[
    {
        "category" : "উপন্যাস",
        "image" : "https://ds.rokomari.store/rokomari110/category/0abca295badd4_image.webp"
    },
    {
        "category" : "ভর্তি, নিয়োগ ও প্রস্তুতি পরীক্ষা",
        "image" : "https://ds.rokomari.store/rokomari110/category/fbc52375a1c64_image.webp"
    },
    {
        "category" : "আত্ম-উন্নয়ন",
        "image" : "https://ds.rokomari.store/rokomari110/category/1d9f089d01a74_image.webp"
    },
    {
        "category" : "পশ্চিমবঙ্গের বই",
        "image" : "https://ds.rokomari.store/rokomari110/category/16469bf2d8e64_image.png"
    }
]